判定,相似度,样题题型,样题编号,样题题干,样题选项,样题答案,题库出处,题库答案,答案是否一致
题干完全相同,1.0,单选题,1,降维的主要目的是减少数据的复杂性，同时保留数据中的重要信息。( )降维方法是通过将高维数据映射到低维空间来实现的。,A.主成分分析 | B.线性判别分析 | C.决策树 | D.遗传算法,A,DOC 单选164,A,一致
题干完全相同,1.0,单选题,2,在进行 CSV 到 XML 数据格式转换时，可以使用 ( ) 工具或语言的库效率最高。,A.Excel | B.Notepad++ | C.Python 的 pandas 库 | D.PowerPoint,C,DOC 单选88 ; PDF 单选141,C ; C,一致
题干完全相同,1.0,单选题,3,关于训练集、验证集和测试集的大小比例，( ) 属于常见合理的范围。,A.训练集 50%，验证集 25%，测试集 25% | B.训练集 20%，验证集 60%，测试集 20% | C.训练集 70%，验证集 15%，测试集 15% | D.训练集 40%，验证集 30%，测试集 30%,C,DOC 单选168 ; PDF 多选118,C ; AC,不一致
题干完全相同,1.0,单选题,4,业务流程的展现形式与技术通常使用 ( ) 来绘制。,A.流程图软件 | B.数据库管理系统 | C.电子表格软件 | D.文字处理软件,A,DOC 单选108 ; PDF 单选22,A ; A,一致
题干完全相同,1.0,单选题,6,自动数据处理功能模块在( )环节可以提高数据处理速度。,A.数据收集 | B.数据清洗 | C.数据分析 | D.数据可视化,C,DOC 单选4,A,不一致
题干完全相同,1.0,单选题,7,当面临数据标注不一致的问题时，应该采取的措施是( )。,A.忽略不一致的数据 | B.随意修改数据标签 | C.重新审核和校正数据 | D.删除所有不一致的数据,C,DOC 单选179 ; PDF 单选73,A ; C,不一致
题干完全相同,1.0,单选题,8,当面临大量复杂的数据需要标注时，( ) 助于提高标注效率。,A.增加标注人员数量 | B.减少标注任务量 | C.采用半自动标注工具 | D.忽略部分复杂数据,C,PDF 单选148,C,一致
题干完全相同,1.0,单选题,9,产生式系统通常用于( )领域的知识表示。,A.自然语言处理 | B.专家系统 | C.图像识别 | D.语音识别,B,DOC 单选185 ; PDF 单选205,B ; B,一致
题干完全相同,1.0,单选题,10,为了使培训讲义更具吸引力，编写时应注重( )的选取和使用。,A.案例 | B.理论 | C.数据 | D.图表,D,DOC 单选119,A,不一致
题干完全相同,1.0,单选题,11,智能交互功能模块的优势在于( )。,A.提高用户体验 | B.降低人工成本 | C.增强系统稳定性 | D.拓展应用领域,A,DOC 单选9 ; PDF 单选117 ; PDF 多选130,A ; A ; ABC,不一致
题干完全相同,1.0,单选题,12,在文本数据拆解过程中，分词的主要目的是 ( )。,A.将文本切分成单词或短语 | B.识别文本中的命名实体 | C.判断文本的情感倾向 | D.分析文本的语法结构,A,DOC 单选30 ; PDF 单选167,A ; A,一致
题干完全相同,1.0,单选题,13,ETL工具的使用方法通常包括这些步骤：1. 设计ETL过程；2. 配置ETL工具；3. 执行ETL过程；4. 监控和维护ETL过程。其中，( )是ETL工具使用方法的第一个步骤。,A.设计ETL过程 | B.配置ETL工具 | C.执行ETL过程 | D.监控和维护ETL过程,A,DOC 单选198,A,一致
题干完全相同,1.0,单选题,15,根据数据保护与隐私的法规要求，企业在发生数据泄露事件时必须立即采取 ( ) 措施。,A.通知受影响的用户，报告给相关监管机构 | B.不通知受影响的用户，自行处理 | C.进行内部调查 | D.加强数据安全措施,A,DOC 单选173 ; PDF 单选149,A ; A,一致
题干完全相同,1.0,单选题,16,在选择数据标注工具时，应该权衡 ( )。,A.准确性、易用性、成本 | B.准确性、易用性、速度 | C.准确性、成本、速度 | D.易用性、成本、速度,A,DOC 单选26 ; PDF 多选84,A ; ABCDE,不一致
题干完全相同,1.0,单选题,18,在噪声数据处理中，( ) 主要用于消除信号中的平稳随机噪声。,A.滤波法 | B.变换法 | C.统计法 | D.模型法,A,DOC 单选20,A,一致
题干完全相同,1.0,单选题,19,在解决人工智能训练中的数据标注问题时，( ) 不是有效的方法。,A.提高数据标注的自动化水平 | B.增加人工标注人员的数量 | C.引入主动学习的方法优化标注过程 | D.使用预标注和人工审核结合的半自动标注方法,B,PDF 单选15,D,不一致
题干完全相同,1.0,单选题,20,箱线图法在异常值检测中的作用是( )。,A.确定数据的分布范围 | B.识别数据中的异常值 | C.评估数据的离散程度 | D.判断数据的集中趋势,B,DOC 单选112,B,一致
题干完全相同,1.0,单选题,22,在数据分析的标准流程中，( )步骤是紧接着收集数据之后进行的。,A.数据清洗 | B.数据可视化 | C.数据挖掘 | D.数据分析,A,PDF 单选136,A,一致
题干完全相同,1.0,单选题,23,为了确保抓取的数据质量，( )方法是无效的。,A.设置合理的抓取间隔 | B.使用更复杂的抓取规则 | C.避免抓取重复内容 | D.减少抓取深度,D,DOC 单选120,D,一致
题干完全相同,1.0,单选题,24,在知识发现的流程中，( ) 不是由人工智能训练师执行的。,A.数据分类 | B.模式识别 | C.模型调优 | D.模型开发,D,PDF 单选220,D,一致
题干完全相同,1.0,单选题,28,在智能搜索功能模块中，( )技术可以用来构建和维护一个庞大的实体关系网络。,A.知识图谱 | B.搜索引擎优化 | C.个性化推荐 | D.数据挖掘,A,PDF 单选116,A,一致
题干完全相同,1.0,单选题,29,( ) 更适合处理大量非结构化数据。,A.关系型数据库 | B.非关系型数据库 | C.分布式数据库 | D.内存数据库,B,DOC 单选212 ; PDF 单选105,B ; B,一致
题干完全相同,1.0,单选题,30,在特征选择方法中，过滤法通常基于( )准则来选择特征。,A.信息增益 | B.相关性系数 | C.方差阈值 | D.互信息,A,DOC 单选35 ; PDF 单选224,C ; A,不一致
题干完全相同,1.0,单选题,31,在进行数据多样性与公平性测试时，( ) 原则是最重要的。,A.确保数据的全面性 | B.关注数据的代表性 | C.评估算法的公平性 | D.保证数据的准确性,C,DOC 单选83 ; PDF 单选7,A ; B,不一致
题干完全相同,1.0,单选题,32,在设计人机交互界面时，( ) 是非常重要的，因为它可以帮助用户快速理解如何使用产品。,A.直观性 | B.一致性 | C.反馈 | D.效率,A,DOC 单选60 ; PDF 单选37,A ; A,一致
题干完全相同,1.0,单选题,33,( ) 不是遵纪守法的社会价值体现。,A.维护社会秩序和稳定 | B.保障人民权利和自由 | C.阻碍社会发展和创新 | D.树立社会道德风尚,C,DOC 单选216,C,一致
题干完全相同,1.0,单选题,34,为了提高数据抓取效率，可以使用( )技术。,A.多线程 | B.单线程 | C.模拟登录 | D.验证码识别,A,DOC 单选116 ; PDF 单选218,A ; A,一致
题干完全相同,1.0,单选题,35,在强化学习中，( )是指智能体在执行某个动作后获得的反馈信号。,A.奖励 | B.惩罚 | C.风险 | D.收益,A,DOC 单选69 ; PDF 单选59,A ; A,一致
题干完全相同,1.0,单选题,36,( ) 可能被人工智能训练师用于特征工程，以辅助数据的探索性分析。,A.数据可视化工具 | B.文本编辑器 | C.数据库管理系统 | D.网络浏览器,A,DOC 单选210 ; PDF 单选80,A ; A,一致
题干完全相同,1.0,单选题,37,在深度学习中，用来防止过拟合的方法是( )。,A.仅使用一层隐藏层 | B.增加模型的复杂度 | C.应用早停技术 | D.减少训练数据量,C,DOC 单选54 ; PDF 单选165,C ; C,一致
题干完全相同,1.0,单选题,39,DBSCAN算法是一种基于密度的聚类方法，它能够发现任意形状的簇，并且对噪声点具有较好的鲁棒性。DBSCAN算法中的两个重要参数是邻域半径ε和最小点数MinPts，其中ε表示( )。,A.邻域内的最大距离 | B.邻域内的最小距离 | C.邻域内的平均距离 | D.邻域内的最小点数,A,DOC 单选199,A,一致
题干完全相同,1.0,单选题,40,为了确保模型具有较好的泛化能力，通常建议将数据集划分为 ( ) 的比例。,A.40% 训练集，30% 验证集，30% 测试集 | B.80% 训练集，10% 验证集，10% 测试集 | C.40% 训练集，40% 验证集，20% 测试集 | D.30% 训练集，50% 验证集，20% 测试集,B,DOC 单选124,B,一致
题干完全相同,1.0,单选题,41,根据我国《专利法》的规定，申请专利的发明创造在申请日以前六个月内，出现 ( ) 的情况，会丧失新颖性。,A.他人未经申请人同意而泄露其内容 | B.在规定的学术会议或者技术会议上首次发表 | C.在中国政府主办或者承认的国际展览会上首次展出 | D.他人使用申请人未公开的类似技术方案,D,DOC 单选172 ; PDF 单选156,A ; D,不一致
题干完全相同,1.0,单选题,42,( )方法常用于解决离散优化问题。,A.梯度下降法 | B.遗传算法 | C.拉格朗日乘数法 | D.牛顿法,B,DOC 单选213,B,一致
题干完全相同,1.0,单选题,44,设计的可用性标准不包括,A.易用性 | B.高效性 | C.错误率 | D.多样性,D,DOC 单选142 ; PDF 单选115,A ; D,不一致
题干完全相同,1.0,单选题,45,安全性分析的原理是通过对系统进行( )，以识别潜在的安全威胁和脆弱性，从而采取相应的安全措施来降低风险。,A.风险评估 | B.漏洞扫描 | C.入侵检测 | D.安全审计,A,DOC 单选190,A,一致
题干完全相同,1.0,单选题,48,( ) 不是专利授权的实质性条件。,A.新颖性 | B.创造性 | C.实用性 | D.美观性,D,DOC 单选217 ; PDF 单选98,D ; D,一致
题干完全相同,1.0,单选题,49,在撰写算法测试报告时，( )不是必须的。,A.测试用例的描述 | B.测试结果的详细数据 | C.测试环境的配置信息 | D.开发者的个人感想,D,DOC 单选15 ; PDF 单选108,C ; D,不一致
题干完全相同,1.0,单选题,50,在评估数据源的质量时，( )指标不是关键因素。,A.数据的准确性 | B.数据的多样性 | C.数据的时效性 | D.数据的可解释性,D,DOC 单选71 ; PDF 单选198,D ; B,不一致
题干完全相同,1.0,单选题,51,( ) 触控技术可以实现多点触控，提高用户体验。,A.电容式 | B.电阻式 | C.红外线 | D.超声波,A,DOC 单选214 ; PDF 单选210,A ; A,一致
题干完全相同,1.0,单选题,52,在数据挖掘方法中，( ) 技术不是分类算法。,A.K - 最近邻 | B.支持向量机 | C.随机森林 | D.关联规则,D,DOC 单选42,D,一致
题干完全相同,1.0,单选题,53,在进行大规模分布式训练时，( )框架提供了较为成熟的分布式训练支持。,A.TensorFlow | B.PyTorch | C.MXNet | D.Chainer,A,PDF 单选26,A,一致
题干完全相同,1.0,单选题,55,在数据处理过程中，( ) 步骤不会导致数据丢失或错误。,A.数据清洗 | B.数据转换 | C.数据加载 | D.数据计算,C,DOC 单选49,A,不一致
题干完全相同,1.0,单选题,56,在评估分类模型的准确性时，通常使用( )指标。,A.均方误差 | B.准确率 | C.均方根误差 | D.对数损失,B,DOC 单选72,B,一致
题干完全相同,1.0,单选题,57,自然语言处理中的( )任务通常涉及对文本进行分析，以确定其是积极的、消极的还是中性的。,A.命名实体识别 | B.词性标注 | C.情感分析 | D.句法分析,C,DOC 单选3 ; PDF 单选70,C ; C,一致
题干完全相同,1.0,单选题,58,在图像处理中，多维度数据分解技术如 PCA 主要用于 ( )。,A.提升图像亮度 | B.压缩图像数据 | C.增加图像分辨率 | D.改变图像色彩,B,DOC 单选34,B,一致
题干完全相同,1.0,单选题,59,在进行人工智能模型调试时，( ) 可推荐用来解决模型性能不佳的问题,A.立即增加模型的参数数量 | B.检查模型训练数据的质量，确保没有错误或偏差 | C.忽略验证集的性能，只关注训练集上的准确率 | D.停止模型训练，因为认为模型已经足够好,B,DOC 单选86 ; PDF 单选131,B ; B,一致
题干完全相同,1.0,单选题,60,在AI产品的迭代过程中，用户反馈的主要作用是 ( )。,A.确定产品功能方向 | B.评估市场营销策略 | C.优化产品性能和用户体验 | D.预测未来市场趋势,C,DOC 单选103 ; PDF 单选155,A ; C,不一致
题干完全相同,1.0,单选题,61,在系统监控中，( ) 工具主要用于实时收集和分析日志数据。,A.ApacheHadoop | B.ELKStack | C.TensorFlow | D.PyTorch,B,DOC 单选28 ; PDF 单选39,B ; B,一致
题干完全相同,1.0,单选题,63,网络运营者应当履行的安全保障义务包括 ( )。,A.不得收集用户个人信息 | B.向第三方提供用户个人信息 | C.采取技术措施和其他必要措施，保障网络安全、稳定运行 | D.未经用户同意不得发布广告,C,PDF 单选112,C,一致
题干完全相同,1.0,单选题,64,数据标注技术的目的是( )。,A.提高数据质量 | B.降低数据成本 | C.优化数据结构 | D.简化数据处理流程,A,DOC 单选132,A,一致
题干完全相同,1.0,单选题,65,为了使培训讲义更具吸引力，可以采用( )的排版方式。,A.单一字体 | B.多种字体 | C.大量图片 | D.简单图表,B,PDF 单选202,B,一致
题干完全相同,1.0,单选题,67,为了实现跨云服务的集成，通常需要使用( )技术。,A.API | B.SDK | C.Web服务 | D.虚拟化,A,PDF 单选5,A,一致
题干完全相同,1.0,单选题,68,合规性检查的目的是确保组织的数据处理活动符合 ( ) 的要求。,A.法律法规 | B.行业标准 | C.内部政策 | D.客户期望,A,DOC 单选166,A,一致
题干完全相同,1.0,单选题,70,在项目管理中，( ) 是确保项目顺利进行的关键环节之一。,A.规划 | B.执行 | C.监控 | D.反馈,A,DOC 单选27,A,一致
题干完全相同,1.0,单选题,71,容器化技术的核心优势是( )。,A.提供丰富的用户图形界面 | B.需要占用大量的系统资源 | C.实现应用的快速部署和高效资源利用 | D.主要用于网络安全防护,C,DOC 单选144 ; PDF 单选222,C ; C,一致
题干完全相同,1.0,单选题,72,在数据采集流程中，使用( )可以帮助我们实现数据的持久化与高效检索。,A.数据分析软件 | B.数据可视化工具 | C.网络爬虫 | D.数据存储与管理工具,D,DOC 单选50,D,一致
题干完全相同,1.0,单选题,73,( )是一种通过邀请领域专家对数据进行评价来评估数据质量的方法。,A.统计分析法 | B.逻辑检查法 | C.专家评估法 | D.抽样评估法,C,DOC 单选206,C,一致
题干完全相同,1.0,单选题,74,在进行复杂业务系统的改进时，首先应该进行的是 ( )。,A.分析现有系统的优点和缺点 | B.确定改进的目标和范围 | C.设计新的业务流程 | D.制定详细的实施计划,B,DOC 单选87,B,一致
题干完全相同,1.0,单选题,75,在算法训练过程中，选择合适的模型对于提高模型性能至关重要。( )步骤不属于模型选择过程。,A.了解不同模型的优缺点 | B.根据任务需求选择合适的模型 | C.对模型进行调参优化 | D.对模型进行评估和比较,C,DOC 单选38 ; PDF 单选35,A ; C,不一致
题干完全相同,1.0,单选题,76,在了解业务流程现状时，( )是非常重要的信息来源。,A.企业战略规划文件 | B.员工访谈记录 | C.客户反馈信息 | D.市场调查报告,B,PDF 单选33,B,一致
题干完全相同,1.0,单选题,78,( ) 是语音交互设计中，人工智能训练师需要特别关注的事项。,A.系统响应速度 | B.语音识别准确率 | C.用户体验调查问卷的满意度评分 | D.用户对话内容的情感倾向,B,DOC 单选205,A,不一致
题干完全相同,1.0,单选题,79,在自动化标注中，为了提高标注的准确性，系统可能会利用( )机制来不断优化其标注能力。,A.随机猜测 | B.专家系统 | C.机器学习 | D.手动校验,C,DOC 单选13,C,一致
题干完全相同,1.0,单选题,81,在数据校验和异常数据检测的方法中，( )方法不可以用于检测数据中的异常值。,A.Z-score方法 | B.IQR方法 | C.DBSCAN方法 | D.K-means方法,D,DOC 单选41 ; PDF 单选123,D ; C,不一致
题干完全相同,1.0,单选题,82,在选择云平台进行人工智能模型训练和部署时，( ) 不是云平台提供的优势或服务。,A.弹性计算资源，允许用户根据需求快速扩展或缩减计算能力 | B.预配置的人工智能和机器学习服务，简化模型开发和部署流程 | C.限制用户访问的地理位置，只能选择特定区域的数据中心 | D.按需付费模式，用户仅需为实际使用的资源付费,C,DOC 单选25,C,一致
题干完全相同,1.0,单选题,83,不是评估统计模型拟合优度的指标是( )。,A.样本均值 | B.均方误差MSE | C.平均绝对误差MAE | D.残差平方和RSS,A,DOC 单选188,B,不一致
题干完全相同,1.0,单选题,85,流式布局适用于( )场景。,A.内容较多的页面 | B.需要保持元素之间相对位置的页面 | C.需要适应不同屏幕尺寸的页面 | D.需要展示大量图片的页面,C,DOC 单选160 ; PDF 单选150,A ; C,不一致
题干完全相同,1.0,单选题,86,在进行数据探索分析时，( ) 可以帮助我们更好地理解数据的结构和特点。,A.数据可视化 | B.统计分析 | C.数据挖掘 | D.机器学习,A,DOC 单选82 ; PDF 单选168,A ; A,一致
题干完全相同,1.0,单选题,88,( )不是人机交互系统的常见性能评价指标。,A.响应时间 | B.用户满意度 | C.输入设备的价格 | D.系统稳定性,C,DOC 单选218 ; PDF 单选103 ; PDF 多选68,A ; C ; ABCDE,不一致
题干完全相同,1.0,单选题,90,不属于多维度数据分解的主要目的是( )。,A.简化数据结构 | B.提高数据处理效率 | C.增强数据的可解释性 | D.增加数据的复杂性,D,DOC 单选187 ; PDF 多选87 ; PDF 单选23,D ; ABC ; D,不一致
题干完全相同,1.0,多选题,1,在生成对抗网络中，()方法可以用于提高生成数据的质量。,A.增加生成器的复杂度 | B.增加判别器的复杂度 | C.使用更小的学习率 | D.使用更大的学习率 | E.增加训练轮次,"A,B,C,E",DOC 多选43 ; PDF 单选215,ABCE ; A,不一致
题干完全相同,1.0,多选题,2,在进行安全性考虑与设计时，()因素是需要关注的。,A.用户隐私保护 | B.数据加密技术 | C.访问控制策略 | D.物理安全措施 | E.网络安全措施,"A,B,C,D,E",DOC 多选70 ; PDF 多选102,ABCD ; ABCDE,不一致
题干完全相同,1.0,多选题,3,在实现最优化决策功能模块时，()方法可以被采用。,A.梯度下降法 | B.遗传算法 | C.线性规划 | D.动态规划 | E.拉格朗日乘数法,"A,B,C,D,E",PDF 多选65,ABCDE,一致
题干完全相同,1.0,多选题,5,在进行简单业务流程分析时，常用的方法有()。,A.流程图分析法 | B.SWOT分析法 | C.5W1H分析法 | D.实验法 | E.头脑风暴法,"A,C,E",DOC 多选68,ABCDE,不一致
题干完全相同,1.0,多选题,7,处理异常值的常用方法有,A.删除异常值 | B.替换异常值为均值或中位数 | C.对异常值进行变换 | D.使用机器学习模型进行预测 | E.替换异常值为最大值,"A,B,C,D",DOC 多选143 ; PDF 多选113,ABC ; ABC,不一致
题干完全相同,1.0,多选题,8,生物特征识别功能模块的特点有,A.唯一性 | B.稳定性 | C.可采集性 | D.灵活性 | E.不可复制性,"A,B,C,E",DOC 多选118,ABCDE,不一致
题干完全相同,1.0,多选题,9,时间序列分析在天气预报中的主要作用是,A.预测未来天气状况 | B.分析历史气温趋势 | C.确定天气变化趋势 | D.评估天气模型的准确性 | E.优化气象观测网络,"A,B,C,D",DOC 多选117,ABCD,一致
题干完全相同,1.0,多选题,10,在文本数据预处理中，常见的步骤包括,A.分词 | B.去除停用词 | C.词干提取和词形还原 | D.将文本转换为数字向量表示 | E.增加文本的字数,"A,B,C,D",DOC 多选28 ; PDF 多选81,ABCD ; ABCD,一致
题干完全相同,1.0,多选题,11,关于代码优化，可以提升程序运行效率的实践是,A.使用全局变量而非局部变量 | B.避免不必要的循环和递归调用 | C.选择更快的算法和数据结构 | D.减少函数调用开销 | E.通过增加冗余代码来提高可读性,"B,C,D",PDF 多选129,BCD,一致
题干完全相同,1.0,多选题,13,()标注工具可以帮助提高数据标注的效率和质量。,A.LabelImg | B.RectLabel | C.VGGImageAnnotator | D.Photoshop | E.Coreldraw,"A,B,C",DOC 多选165,ABCD,不一致
题干完全相同,1.0,多选题,15,算法安全性测试的目的是,A.检查算法的正确性 | B.评估算法的性能 | C.确保算法的机密性 | D.检测算法的漏洞和缺陷 | E.验证算法的可用性,"C,D",DOC 多选100 ; PDF 单选31,AD ; D,不一致
题干完全相同,1.0,多选题,17,在大规模数据集中，()策略可以有效处理缺失值，同时尽量减少信息损失。,A.使用数据集的全局均值填充 | B.利用邻近观测值进行局部插补 | C.基于模型的预测填充 | D.采用多重插补技术 | E.删除所有含有缺失值的记录,"A,B,C,D",DOC 多选74,ABCD,一致
题干完全相同,1.0,多选题,20,业务模块构建方法的原则包括()。,A.模块化设计 | B.高内聚低耦合 | C.单一职责原则 | D.开闭原则 | E.依赖倒置原则,"A,B,C,D,E",DOC 多选89 ; PDF 多选120 ; PDF 单选71,ABCDE ; ABCDE ; C,不一致
题干完全相同,1.0,多选题,21,实施人工智能项目时()因素被认为是至关重要的成功要素。,A.数据质量和数量 | B.强大的计算能力 | C.高级算法和模型 | D.用户界面设计 | E.法律法规遵守,"A,B,E",DOC 多选116,ABCDE,不一致
题干完全相同,1.0,多选题,23,在人工智能系统测试阶段应该包括对算法决策过程的伦理评估，确保,A.算法的公正性 | B.算法的鲁棒性 | C.算法的透明性 | D.算法的可解释性 | E.算法的高可用,"A,B,C,D",DOC 多选54,ABCD,一致
题干完全相同,1.0,多选题,25,在选择统计模型时，应该被考虑的因素是,A.模型的复杂性 | B.数据的可用性 | C.模型的预测能力 | D.模型的易解释性 | E.模型的训练时间,"A,B,C,D,E",DOC 多选20 ; PDF 多选1,ABCD ; ABCD,不一致
题干完全相同,1.0,多选题,27,业务流程管理BPM的核心要素包括()。,A.流程设计 | B.流程执行 | C.流程监控 | D.流程分析 | E.流程优化,"A,B,C,D,E",DOC 多选91 ; PDF 多选72,ABCDE ; ABCDE,一致
题干完全相同,1.0,多选题,28,业务数据分析工具通常可以分为,A.报表生成工具 | B.数据挖掘工具 | C.可视化工具 | D.统计分析工具 | E.数据脱敏工具,"A,B,C,D",DOC 多选88 ; PDF 多选27,ABCD ; ABCD,一致
题干完全相同,1.0,多选题,29,在数据采集和处理流程中，常见的错误包括,A.数据格式不一致 | B.数据缺失 | C.数据处理速度慢 | D.数据存储不安全 | E.数据分析不准确,"A,B,D,E",PDF 多选19,ABCDE,不一致
题干完全相同,1.0,多选题,34,在进行数据源选择时，()可以帮助我们找到合适的数据源。,A.使用搜索引擎查找相关数据 | B.咨询专业人士或行业专家 | C.参考权威机构发布的数据报告 | D.通过社交媒体平台获取数据 | E.尝试多种数据源并进行比较,"A,B,C,D,E",PDF 多选11,ABCDE,一致
题干完全相同,1.0,多选题,35,用户需求分析的目的是,A.了解用户的需求和期望 | B.评估产品的市场定位 | C.制定产品的开发计划 | D.优化产品的用户体验 | E.预测市场趋势,"A,B,C,D",DOC 多选84 ; PDF 单选219,AB ; A,不一致
题干完全相同,1.0,多选题,37,特征选择的主要目标是,A.增加模型的复杂性 | B.减少过拟合的风险 | C.提高模型的预测性能 | D.降低计算成本 | E.使模型更易于解释,"B,C,D,E",DOC 多选99 ; PDF 单选110,BCDE ; D,不一致
题干完全相同,1.0,多选题,39,在图像处理中，多维度数据分解的主要目的是,A.提高图像质量 | B.提高图像处理的效率 | C.降低图像存储成本 | D.提取有用的图像信息 | E.降低计算复杂度,"B,C,D,E",PDF 单选23 ; PDF 多选87 ; DOC 单选187,D ; ABC ; D,不一致
题干完全相同,1.0,多选题,40,在设计数据存储解决方案时，考虑数据的持久化，()可以用来实现数据的持久化。,A.使用事务来确保数据的一致性 | B.实施RAID技术以提高数据冗余和可用性 | C.采用实时内存数据库加速数据访问 | D.使用数据备份和恢复策略 | E.应用数据加密技术保护数据安全,"A,B,D",PDF 多选123,ABD,一致
实质相同(改写),0.9703,单选题,14,降维的主要目的是减少数据的复杂性，同时保留数据的主要信息。( ) 降维方法是通过将高维数据映射到低维空间来实现的。,A.主成分分析 | B.线性判别分析 | C.决策树 | D.遗传算法,A,DOC 单选164,A,一致
实质相同(改写),0.96,单选题,25,网络拓扑结构对故障恢复策略性设计的影响主要体现在,A.数据传输速度 | B.系统容错能力 | C.资源利用率 | D.系统安全性,B,PDF 单选146,B,一致
实质相同(改写),0.7059,单选题,38,人工智能测试的主要目的是 ( )。,A.降低研发成本 | B.提升算法的计算速度 | C.确保 AI 系统的功能和性能符合预期 | D.增加 AI 系统的数据输入量,C,PDF 多选128 ; DOC 单选65 ; PDF 单选121,ABCD ; C ; C,不一致
实质相同(改写),0.9333,单选题,43,虚拟现实 VR 狡猾设计中，为了提高用户的操作效率，应该采用 ( )输入设备。,A.游戏手柄 | B.运动控制器 | C.头戴式显示器 | D.触觉反馈手套,B,PDF 单选27,B,一致
实质相同(改写),0.8621,单选题,54,( )是一种常见的图像变换技术，它可以改变图像的大小和形状。,A.裁剪 | B.缩放 | C.旋转 | D.平移,B,PDF 单选201,B,一致
实质相同(改写),0.7778,单选题,89,代码审计与优化的重要性不包括,A.提高代码可读性，便于团队协作 | B.彻底消除所有软件缺陷 | C.发现并修复潜在的安全漏洞 | D.优化代码性能，提升系统响应速度,B,DOC 单选182,A,不一致
实质相同(改写),0.8571,多选题,12,在进行数据探索分析时，通常会关注,A.数据的完整性 | B.数据的准确性 | C.数据的时效性 | D.数据的可解释性 | E.数据的多样性,"A,B,C,D,E",DOC 多选63 ; PDF 单选207,ABCDE ; A,不一致
实质相同(改写),0.9333,多选题,14,故障恢复的策略性设计需要考虑,A.备份策略 | B.恢复策略 | C.容灾策略 | D.监控策略 | E.优化策略,"A,B,C,D",PDF 多选74,ABCD,一致
实质相同(改写),0.9048,多选题,16,在进行数据多样性与公平性测试时，必须遵守的原则是,A.确保数据集覆盖所有关键特征 | B.数据应反映真实世界的分布 | C.避免数据集中存在偏见或歧视 | D.数据集必须包含足够的异常值 | E.数据集应定期更新以反映最新趋势,"A,B,C,E",DOC 多选64 ; PDF 多选17,ABCD ; ABC,不一致
实质相同(改写),0.9286,多选题,19,数据分析的标准流程通常包括,A.数据收集 | B.数据清洗 | C.数据可视化 | D.数据挖掘 | E.数据分析报告,"A,B,C,D,E",DOC 多选107,ABCDE,一致
实质相同(改写),0.9333,多选题,22,在处理用户数据时，公司应该遵循,A.最小化 | B.有目的性 | C.公开透明 | D.灵活性 | E.用户授权,"A,B,C,E",DOC 多选75 ; PDF 多选92,ABCD ; ABCDE,不一致
实质相同(改写),0.8966,多选题,30,一个良好的测试用例通常具备,A.明确性 | B.完整性 | C.可重复性 | D.必要性 | E.无限性,"A,B,C,D",DOC 多选87 ; PDF 多选63,ABCD ; ABC,不一致
实质相同(改写),0.7778,多选题,32,计算机视觉涉及,A.图像分类 | B.目标跟踪 | C.视频压缩 | D.图像修复 | E.视频编辑,"A,B,D,E",DOC 多选126,ABCDE,不一致
实质相同(改写),0.9524,多选题,33,在应用维度约简技术进行数据压缩时，需要考虑,A.数据的编码格式 | B.数据的维度 | C.数据的稀疏性 | D.数据的分布情况 | E.数据的噪声水平,"B,C,D,E",DOC 多选16,BCD,不一致
实质相同(改写),0.875,多选题,36,在算法训练过程中，()步骤是必不可少的。,A.数据收集 | B.特征工程 | C.模型选择 | D.模型训练 | E.模型评估,"A,B,C,D,E",DOC 多选58 ; PDF 多选82,ABCDE ; ABCDE,一致
疑似同源,0.7586,单选题,80,神经网络中的激活函数的作用是( )。,A.增加网络的复杂性 | B.提高网络的泛化能力 | C.减少网络的训练时间 | D.增强网络的表达能力,d,PDF 多选64,AC,不一致
疑似同源,0.3913,单选题,84,数据归一化处理的定义是 ( )。,A.将数据集中的所有值转换为相同的格式。 | B.将数据集中的所有值缩放到一个特定的小范围，通常是 0 到 1 之间。 | C.将数据集中的所有值增加到最大可能的值。 | D.将数据集中的所有值减少到最小可能的值。,B,PDF 判断182,B,一致
疑似同源,0.6154,多选题,4,在设计输入与输出系统时，需要考虑的因素包括,A.用户的需求 | B.系统的性能 | C.数据的准确性 | D.设备的兼容性 | E.环境的适应性,"A,B,C,D,E",DOC 多选46 ; PDF 多选47,ABCDE ; ABCDE,一致
题库无此题,,单选题,5,在进行特征工程时，通常需要对数据进行( )，以便更好地进行模型训练。,A.数据清洗 | B.数据集成 | C.数据变换 | D.数据划分,C,,,
题库无此题,,单选题,17,2025 年推出的 DeepSeek R1 的最重要突破是,A.推理的算力成本降低 | B.支持多模态生成 | C.参数规模达万亿级 | D.实现通用人工智能,A,,,
题库无此题,,单选题,21,在用户测试与评估的过程中，( ) 阶段是用来确定测试目标和范围。,A.需求分析 | B.设计测试用例 | C.执行测试 | D.结果分析与改进,A,,,
题库无此题,,单选题,26,在常见的交互设计模板中，( ) 是专门为提高网站可用性和导航效率设计的。,A.登录界面模板 | B.用户信息编辑模板 | C.网站导航栏模板 | D.商品详情页面模板,C,,,
题库无此题,,单选题,27,Z-score方法是一种基于( )的异常值检测方法。,A.最大值 | B.中位数 | C.众数 | D.标准差,D,,,
题库无此题,,单选题,46,下列产品使用批处理计算模式的是：①MapReduce ②Storm ③Pregel ④Hive ⑤DStream ⑥Spark ⑦Cassandra ⑧Flume,A.①②⑧ | B.②④⑦ | C.②③⑤ | D.①⑥,D,,,
题库无此题,,单选题,47,知识库与知识图谱的主要区别在于,A.知识库侧重存储，知识图谱强调图结构表示和语义关联 | B.知识库强调实体关系，知识图谱强调静态存储 | C.知识库支持语义推理，知识图谱仅支持关键词检索 | D.知识库以图结构组织，知识图谱以表格形式存储,A,,,
题库无此题,,单选题,62,在数据分片中，( ) 是用来决定如何将数据分割到各个分片的。,A.主键 | B.外键 | C.分区键 | D.唯一键,C,,,
题库无此题,,单选题,66,让大语言模型在海量无标签数据中学习语言规律和语义关联，从而获得通用语言理解能力。这一核心技术属于,A.预训练 | B.无监督数据增强 | C.参数微调 | D.分布式推理加速,A,,,
题库无此题,,单选题,69,K 最近邻算法 KNN 中 “K” 表示,A.K 个数据的类别标签 | B.随机选择 K 个初始数据点 | C.数据分类的数量 K | D.在预测时需参考的最近邻样本数量,D,,,
题库无此题,,单选题,77,在人工智能训练过程中，人工智能训练师 ( ) 有效利用用户研究的方法来提升模型性能。,A.仅依赖个人经验进行模型调优 | B.忽视用户反馈，仅关注技术指标的优化 | C.深入分析用户数据，结合用户研究方法论来指导模型训练 | D.随意选择用户研究工具，不进行系统分析,C,,,
题库无此题,,单选题,87,位图法在数据去重中的应用主要是通过( )。,A.比较每个数据与已有数据的相似度 | B.记录每个数据是否出现过 | C.对数据进行排序 | D.对数据进行压缩,B,,,
题库无此题,,多选题,6,在深度学习中，为了提高模型的泛化能力，通常会使用正则化技术。关于正则化描述正确的是,A.L1正则是损失函数增加参数绝对值之和 | B.L2正则是损失函数增加参数平方和 | C.Dropout训练随机丢弃部分神经元 | D.Earlystopping验证集不提升则停止训练 | E.数据增强扩充样本属于正则手段,"A,B,C,D,E",,,
题库无此题,,多选题,18,在模型评估指标的计算方法中，()是正确的。,A.准确率可以通过计算所有预测正确的样本数除以总样本数得到 | B.精确率可以通过计算真正例数除以所有被预测为正例的样本数得到 | C.召回率可以通过计算真正例数除以所有实际为正例的样本数得到 | D.F1值可以通过计算精确率和召回率的调和平均值得到 | E.AUC-ROC曲线下的面积可以用来衡量模型的整体性能,"A,B,C,D,E",,,
题库无此题,,多选题,24,在领导力培训中，常用的方法包括,A.自我评估工具 | B.360度反馈 | C.情景模拟 | D.角色扮演 | E.心理测试,"A,B,C,D,E",,,
题库无此题,,多选题,26,智能控制功能模块在()领域有广泛应用。,A.智能家居 | B.工业自动化 | C.航空航天 | D.医疗电子 | E.交通运输,"A,B,C,E",,,
题库无此题,,多选题,31,在使用数据存储和管理工具时，()可以提高工作效率。,A.使用自动化脚本简化数据操作 | B.定期对数据进行清理和维护 | C.利用内置模板快速创建报表 | D.对数据进行分类和标签化以便于检索 | E.避免使用复杂的查询语句以提高性能,"A,B,C,D",,,
题库无此题,,多选题,38,数据清洗与预处理流程的主要步骤包括,A.数据筛选 | B.数据转换 | C.数据分析 | D.数据集成 | E.数据可视化,"A,B,D",,,
